<Bluedroid>
    <N1 Tag="Local">
        <N1 Tag="Adapter">
            <N1 Tag="BluezMigrationDone" Type="int">1</N1>
            <N2 Tag="Address" Type="string">bc:ae:c5:37:b6:35</N2>
            <N3 Tag="LE_LOCAL_KEY_IR" Type="binary">e597528664a62f90c0cc3e070dad43b2</N3>
            <N4 Tag="LE_LOCAL_KEY_IRK" Type="binary">4a0fdeebe571556b1fdd2e887c70306c</N4>
            <N5 Tag="LE_LOCAL_KEY_DHK" Type="binary">e88524df49a401a94f90fb2bf0987007</N5>
            <N6 Tag="LE_LOCAL_KEY_ER" Type="binary">a80a1601283d28d864d1cb2aa8ba5096</N6>
            <N7 Tag="ScanMode" Type="int">0</N7>
            <N8 Tag="DiscoveryTimeout" Type="int">120</N8>
        </N1>
        <N2 Tag="AutoPairBlacklist">
            <N1 Tag="AddressBlacklist" Type="string">00:02:C7,00:16:FE,00:19:C1,00:1B:FB,00:1E:3D,00:21:4F,00:23:06,00:24:33,00:A0:79,00:0E:6D,00:13:E0,00:21:E8,00:60:57,00:0E:9F,00:12:1C,00:18:91,00:18:96,00:13:04,00:16:FD,00:22:A0,00:0B:4C,00:60:6F,00:23:3D,00:C0:59,00:0A:30,00:1E:AE,00:1C:D7,00:80:F0,00:12:8A,00:09:93,00:80:37,00:26:7E,00:26:e8</N1>
            <N2 Tag="ExactNameBlacklist" Type="string">Motorola IHF1000,i.TechBlueBAND,X5 Stereo v1.3,KML_CAN</N2>
            <N3 Tag="FixedPinZerosKeyboardBlacklist" Type="string">00:0F:F6</N3>
            <N4 Tag="PartialNameBlacklist" Type="string">BMW,Audi,Parrot,Car</N4>
        </N2>
    </N1>
</Bluedroid>
